bygrads,bys81a,bys81b,bys81c,bys81d,bytests,bytxcomp
3.8,5,4,5,5,64.3555,63.545
2.5,4,4,3,3,48.63125,49.23
2.8,3,4,4,4,49.72025,51.056
3.5,5,5,4,4,46.58575,46.537
3.3,5,3,5,4,54.944,58.587
2.5,4,4,3,3,38.51025,37.174
2.3,3,4,3,3,43.01175,39.172
2.8,4,4,4,3,58.59025,63.369
2.5,3,4,4,3,46.695,46.732
2,3,3,3,3,55.25325,60.005
2.5,3,4,3,4, ,999.998
3,3,96,5,4,52.96525,51.279
3,4,4,4,4,46.1315,45.349
4,5,5,5,5,52.43875,53.717
2.8,3,3,4,5,61.48475,58.93
2.8,3,4,4,4,54.9275,51.484
4,5,5,5,5,52.34825,55.111
3,4,4,4,4,35.182,35.403
2.3,3,5,2,3,37.146,33.069
4,5,5,5,5,63.7995,69.107
3.5,5,4,5,4,52.78,55.071
2,3,3,3,3,44.5875,40.868
4,5,5,5,5,66.34625,69.705
2.3,3,3,4,3,58.031,64.326
1.6,2,3,4,1,48.831,48.656
3.3,4,5,4,4,46.751,49.838
2.1,3,4,4,1,35.6335,40.869
4,5,5,5,5,45.67225,39.052
2.8,3,3,4,5,38.84775,33.754
2.5,3,4,3,4,48.52325,45.177
1.8,3,3,2,3,37.44775,39.999
1.8,2,4,3,2,38.73125,35.171
3,4,4,4,4,52.7295,58.189
4,5,5,5,5,62.03225,67.337
3.5,3,5,5,5,54.79375,52.923
3.3,5,4,4,4,54.04825,52.584
1.9,5,1,2,3,48.93025,43.635
3.5,5,4,5,4,50.17825,54.075
3.3,4,5,4,4,59.2705,54.609
1.5,3,2,2,3,46.03575,43.492
3,4,4,4,4,59.845,57.934
2.3,3,3,5,2,41.022,42.559
1,3,2,1,1,41.83425,40.072
2.8,4,4,3,4,53.50675,50.921
2.8,4,4,3,4,40.13425,37.19
1.8,3,3,3,2,39.713,40.596
3,4,3,4,5,54.1045,50.226
2.3,3,3,2,5,39.97775,38.614
3,5,3,4,4,55.82875,51.853
4,5,5,5,5,61.39875,59.813
3.8,4,5,5,5,51.35175,51.063
4,5,5,5,5,68.50175,67.354
2.8,5,3,3,4,61.286,64.32
2,3,3,3,3,43.81575,42.423
2.8,4,4,3,4,36.643,39.93
2.8,4,4,3,4,51.50025,49.38
3,5,4,3,4,47.71325,43.157
9.8,98,98,98,98,45.95825,41.37
3.5,4,4,5,5,54.5905,55.93
3,4,5,3,4,55.44975,60.138
3,4,4,4,4,41.543,39.793
3.3,5,4,4,4,54.77,55.281
3.5,5,4,5,4,57.9745,59.042
2.5,2,4,5,3,56.25425,57.591
2,3,3,3,3,46.146,36.878
3.5,5,4,4,5,49.23175,44.717
3,4,5,3,4,43.06075,50.453
1.8,3,2,3,3,37.41675,32.484
2.3,3,5,2,98,43.721,41.49
1.8,96,5,2,1,34.20225,35.354
2.3,4,2,3,4,40.3825,36.077
2.8,4,4,4,3,47.06675,44.82
3.5,5,4,4,5,55.703,57.488
2.3,3,3,3,4,44.36075,47.871
3,98,4,3,5,40.51975,41.593
3.3,4,4,4,5,55.993,54.809
2,2,4,2,4,47.8285,50.107
3.5,5,4,5,4,46.332,49.024
2.5,2,3,4,5,45.77175,43.804
1.8,3,2,3,3,52.124,49.931
3.5,5,3,5,5,44.29825,41.888
2.3,4,3,3,3,45.69675,40.892
4,5,5,5,5,65.4535,69.705
2.8,4,3,4,4,54.45975,62.595
2.8,4,5,3,3,47.765,45.404
2.5,5,4,3,2,43.16575,41.57
1,2,2,2,2, ,999.998
2.5,4,3,3,4,54.53375,46.799
3,4,4,4,4,59.4505,61.019
3.3,4,5,4,4,59.28625,62.339
3.8,5,4,5,5,40.67325,43.867
3.8,5,4,5,5,66.44675,67.194
4,5,5,5,5,66.54425,66.022
1.5,2,3,2,3,35.92175,38.569
1.6,1,2,4,3,50.38325,49.834
1.8,5,96,2,1,40.5895,36.413
1.4,2,1,2,4,47.56125,48.9
3,3,5,4,4,41.3645,42.184
3.8,4,5,5,5,64.8715,66.797
2.5,5,96,4,1,38.823,35.655
2.8,2,5,3,5,36.1895,32.211
2.5,4,4,3,3,42.62,42.622
4,5,5,5,5,39.605,36.963
0.8,2,2,98,1,38.317,40.092
2.3,4,3,3,3,49.054,50.67
3.8,5,5,4,5,58.37225,61.815
3.3,4,5,4,4,55.831,56.752
2.5,4,4,3,3,43.4295,43.506
3.3,3,5,5,4,57.8765,56.578
2,3,3,3,3,50.93775,48.041
2.8,3,4,4,4,61.63175,60.779
2.5,4,4,3,3,50.02325,52.305
2.3,3,3,3,4,43.34725,38.832
3.5,4,4,5,5,52.28275,51.073
3.3,4,4,5,4,55.1105,56.738
3.5,5,5,4,4,54.47625,54.281
3.3,4,5,4,4,56.18,61.358
4,5,5,5,5,53.05175,52.894
3.5,4,4,5,5,51.886,49.509
3,4,5,4,3,47.94225,46.216
2.5,4,4,3,3,40.23975,42.207
3,4,5,3,4,50.90725,52.321
1.9,1,3,5,2,63.3285,60.523
3,3,5,4,4,35.22,35.466
2,3,3,3,3,40.38725,40.489
2.5,3,4,5,2,38.88325,38.252
3,3,5,3,5,41.65825,44.986
2.8,3,3,4,5,41.50375,41.357
3.3,5,3,4,5,43.5985,43.668
2.5,4,3,3,4,51.982,51.557
2.8,3,4,4,4,47.06075,45.434
3.3,5,4,4,4,63.31,66.733
2,3,3,3,3,53.23375,48.38
2.5,2,4,5,3,50.87825,49.374
1.8,3,3,3,2,38.194,34.65
2.3,3,4,3,3, ,42.152
2.8,4,4,4,3,46.517,40.431
3,4,4,4,4,44.94125,43.76
3.3,5,3,4,5,58.295,63.227
3,4,4,4,4,52.946,54.569
3.3,4,4,4,5,48.34925,45.644
3,3,4,4,5,52.1065,49.137
1.5,2,4,2,2,33.4825,33.049
3,4,5,4,3,45.52875,51.103
4,5,5,5,5,65.10425,62.476
3.3,5,96,4,4,52.71575,51.495
4,5,5,5,5,55.33275,56.669
2.5,5,3,2,4,43.70475,37.346
2.5,3,4,3,4,43.7745,40.823
2.5,2,4,3,5,37.5685,36.133
2.5,3,5,3,3,59.77625,63.479
3.8,4,5,5,5,68.55325,69.745
1,2,2,2,2,47.1355,50.927
3,96,96,3,5,39.6145,36.854
2.3,3,3,3,4,53.583,56.974
3,3,5,4,4,62.09225,60.245
2.8,4,4,4,3,57.5945,54.799
2,3,3,3,3,46.504,44.462
4,5,5,5,5,67.88675,68.636
3.3,4,4,5,4,65.0155,65.919
1.8,2,3,3,3,47.9715,41.001
2.5,4,3,3,4,50.09325,47.865
2.3,4,2,3,4,46.74525,42.894
2.3,3,4,4,2,49.83225,48.426
2.8,3,4,5,3,46.9625,44.398
3.3,5,4,4,4,60.3915,61.759
2,3,2,4,3,45.22775,44.967
3.3,4,5,4,4,52.64925,50.589
2.5,3,5,4,2,50.80925,55.104
4,5,5,5,5,53.538,59.431
2.5,3,3,4,4,35.8485,31.352
3.3,4,5,3,5,36.2805,33.799
3.5,4,5,4,5,55.11525,56.173
3,4,4,4,4,65.398,64.212
3.8,5,4,5,5,57.02725,59.135
3.3,5,4,4,4,57.98125,58.053
3.3,5,5,3,4,47.27425,46.663
4,5,5,5,5,56.968,57.615
3.5,5,4,5,4,47.6625,52.026
2.3,4,2,3,4,41.10975,37.978
2.8,4,4,3,4,47.43,50.249
3.3,4,5,4,4,44.538,47.978
3.8,5,5,5,4,60.5495,62.101
4,5,5,5,5,51.964,56.134
2.5,3,4,4,3,40.96225,37.777
3,4,4,4,4,57.5235,57.12
2.3,3,4,3,3,46.64725,44.54
3,4,5,3,4,56.13525,53.627
3.5,5,5,4,4,59.67425,60.058
1,2,2,2,2,47.2465,41.576
3.5,5,4,5,4,46.95475,54.354
3.3,5,5,4,3,55.87675,55.998
3,4,4,4,4,55.43375,56.14
2.8,4,4,4,3,52.736,54.452
3.8,5,4,5,5,64.5175,66.836
3.3,5,4,4,4,58.0525,57.836
3,4,3,5,4,61.33525,62.612
3.8,5,4,5,5,65.42625,66.301
3,4,5,3,4,55.2145,57.455
3.8,5,5,5,4,41.668,34.278
4,5,98,96,96,39.14875,37.585
3.5,5,4,96,98,42.88175,44.16
2.3,4,3,4,2,42.1195,38.867
9.8,98,98,98,98,35.8995,35.719
2.5,3,4,3,4,42.69075,40.616
3.5,4,5,4,5,61.02325,65.281
4,5,5,5,5,65.47825,66.063
2.1,4,5,1,2,50.764,49.668
3,4,4,4,4,50.24625,44.678
1.5,96,3,2,98,53.23125,44.545
3.3,4,4,4,5,44.11675,41.649
2.4,3,5,4,1,34.34075,30.891
3.8,5,5,4,5,52.37925,49.037
3.3,4,5,4,4,52.39725,57.581
2,3,3,3,3,60.26975,62.516
3.3,4,4,4,5,51.4355,45.902
2.5,5,4,3,2,55.6145,55.281
2.5,3,5,4,2,47.472,45.302
4,5,5,5,5,60.9795,63.734
2.3,3,96,5,2,35.05725,34.367
3,5,3,4,4,48.7605,45.082
2.3,4,3,2,4,42.1705,39.462
3,5,3,4,4,46.24475,45.998
3,4,4,4,4,45.9365,43.482
2,5,4,1,1,40.33625,38.666
3,4,3,5,4,51.524,45.81
3.5,4,5,4,5,43.04575,38.79
2.8,3,4,4,4,60.124,58.229
2.5,3,2,4,5,40.05825,40.475
2.1,3,4,1,4,46.4105,45.309
2.3,3,4,3,3,48.5895,51.195
1.8,3,2,3,3, ,999.998
3.5,4,4,5,5,60.763,59.766
2.8,4,4,3,4,47.07075,44.358
2,3,3,3,3,45.16325,42.421
3.3,5,4,3,5,51.54825,54.109
3.3,5,4,3,5, ,999.998
4,5,5,5,5, ,999.998
2.8,4,3,3,5,50.86125,46.945
2.8,4,3,5,3,48.26,44.224
2.5,4,2,5,3,41.5595,41.962
3.3,5,3,5,4,52.4875,57.216
3,4,5,3,4,54.0255,49.48
3.5,4,4,5,5,62.9595,63.36
4,5,5,5,5,54.8505,59.494
3.5,4,5,5,4,56.9255,59.852
2.5,3,3,4,4,57.1585,59.694
2,4,3,2,3,32.70125,33.172
3,5,2,4,5,51.1335,51.398
3.5,4,5,4,5,65.4495,64.996
2.8,4,3,4,4,48.88125,45.421
2.3,3,4,3,3,38.38375,40.464
3,5,96,3,4,35.61925,33.543
4,5,5,5,5,65.38275,68.47
2.8,4,4,4,3,47.88225,51.581
3.3,5,5,3,4,61.82525,65.488
4,5,5,5,5,55.18525,53.59
2.5,3,4,4,3,50.2265,45.849
4,5,5,5,5,52.31525,52.983
2.8,3,5,3,4,35.893,36.031
3.3,4,4,4,5,52.8925,49.22
3.3,4,4,5,4,39.575,38.342
2.5,3,4,4,3, ,999.998
3,3,5,5,3,53.6065,51.77
2,98,96,3,96,40.4025,41.284
2.8,4,4,3,4,58.58175,58.912
3,4,5,4,3,64.24175,67.832
4,5,5,5,5,64.39475,68.533
2.8,5,4,4,2,52.3575,54.443
2.8,3,5,3,4,37.772,40.471
2.3,3,4,98,3,32.814,33.217
2.8,5,2,3,5,54.482,55.439
3.3,4,4,5,4,51.1245,53.902
3.8,5,5,4,5,46.25225,49.377
1.8,3,3,2,3,41.00875,40.151
3.3,4,4,4,5,41.81075,40.011
4,5,5,5,5,61.73375,61.583
2.5,4,4,3,3,44.8675,49.26
2.5,3,3,4,4,52.7255,49.727
4,5,5,5,5,56.04175,54.37
4,5,5,5,5,61.55025,68.47
2.3,2,4,4,3,46.83175,44.967
4,5,5,5,5,55.499,59.567
3.8,5,4,5,5,49.22,48.656
9.8,96,96,98,96,43.0815,46.959
2.5,4,4,3,3,41.53025,40.643
2.5,5,4,3,2,47.4185,45.478
2.5,3,5,4,2,46.67675,46.753
2.5,3,4,3,4,51.56275,52.903
2.3,3,4,3,3,39.415,38.126
3.3,4,4,5,4,49.31325,47.602
3.5,5,4,4,5,61.11925,61.776
4,5,5,5,5,52.63025,55.6
3.5,4,5,5,4,40.1595,32.956
2.5,4,4,3,3,45.60925,46.032
3.8,5,5,5,4,53.6525,53.892
2.5,4,3,4,3,44.93075,41.589
3.3,5,5,4,3,39.2605,37.948
3,3,5,3,5,47.517,49.181
2.5,5,4,2,3,44.5015,43.043
9.8,98,98,98,98,36.84825,35.752
2.5,4,3,2,5,37.86525,36.629
3.8,5,5,4,5,40.55975,41.035
3.3,5,4,3,5,50.6125,50.549
3.5,4,5,5,4,52.83275,47.337
3.8,4,5,5,5,56.79375,57.854
2,2,5,2,98,47.66725,45.776
3.3,4,4,5,4,64.1625,62.835
2.8,2,4,5,4,47.9635,45.824
2.8,4,4,3,4,43.31775,47.915
2.8,3,4,3,5,45.32075,35.513
1.6,4,3,1,2,54.67625,52.421
3,4,3,5,4,36.81575,35.287
3.5,5,5,4,4,52.88075,53.829
2,4,3,3,2,37.6925,38.642
1.6,3,4,2,1,30.39675,28.96
3.3,4,4,4,5,48.93675,52.626
2.5,4,4,4,2,53.497,51.415
4,5,5,5,5,60.575,62.652
2.3,4,3,3,3,49.732,54.838
3,4,4,4,4,54.2145,57.99
1.8,3,3,2,3,50.0435,49.595
2.8,4,3,4,4,39.09775,34.732
3.8,5,5,4,5,62.84025,63.353
3.3,4,4,5,4,55.4075,58.053
2.8,3,4,3,5,34.28375,35.682
2.8,4,3,4,4,51.871,50.139
4,5,5,5,5,57.42175,62.197
3.3,4,4,5,4,45.9355,43.413
2.5,4,3,4,3,48.786,51.086
3,4,3,4,5,46.51625,43.98
3,4,5,3,4,39.433,42.24
3,5,4,3,4,46.57175,39.793
4,5,5,5,5,64.597,65.959
4,5,5,5,5,48.6605,47.42
3.3,5,4,4,4,45.942,43.451
2.3,3,3,4,3,38.459,38.017
3.8,4,5,5,5,48.5775,48.367
2.8,5,4,4,2,47.2585,44.034
4,5,5,5,5,67.00775,66.733
3.3,4,4,5,4,49.047,50.363
3,3,4,5,4,59.87225,59.368
4,5,5,5,5,56.53375,60.524
9.8,98,98,98,98,53.399,45.444
3,4,4,4,4,43.14775,42.872
3.3,5,4,4,4,48.354,43.961
3.8,5,5,4,5,58.0115,61.702
4,5,5,5,5,51.83675,52.833
4,5,5,5,5,65.72375,65.561
1.6,3,3,1,3,37.744,36.565
2.1,4,1,5,2,49.48975,47.341
3,4,5,98,3,52.859,54.819
3.3,5,4,4,4,58.55525,58.77
4,5,5,5,5,58.61375,59.327
3,4,4,4,4,59.05625,57.31
1.1,2,3,2,1,41.3275,38.415
3.8,4,5,5,5,49.233,50.216
4,5,5,5,5, ,999.998
3,4,4,5,3, ,999.998
2,4,98,2,98,32.047,32.598
3.5,5,4,5,4,56.00875,60.284
3.5,5,4,5,4,63.0155,67.617
3,4,5,3,4,42.91225,42.868
2.4,3,5,1,4,45.27425,48.592
4,5,5,5,5,63.11775,64.316
3,4,3,5,98,47.42425,47.53
3,5,4,4,3,45.3805,47.111
2.8,3,2,5,5,44.58975,43.061
2.8,3,4,4,4,51.41225,49.146
2.8,4,3,5,3,53.05725,50.352
3.5,4,5,5,4,64.90725,69.107
4,5,5,5,5,66.17625,67.194
3.3,4,5,4,4,59.1005,55.144
3.3,4,4,4,5,60.615,60.46
4,5,5,5,5,68.8125,68.533
3.3,4,4,4,5,69.35375,69.705
3.3,5,4,4,4,60.33625,62.078
2.5,3,4,4,3, ,999.998
2.8,3,4,4,4,48.565,39.259
4,5,5,5,5,66.15225,67.434
1.9,2,5,1,3,46.04975,38.415
2.5,5,3,2,4,55.23075,59.674
1.8,4,2,3,2,56.69725,57.182
2.5,2,3,5,4,47.11375,47.889
2.3,2,3,5,3,47.64125,45.85
4,5,5,5,5,65.2245,67.258
4,5,5,5,5,62.47175,66.199
3.5,5,5,4,4,61.55625,63.711
4,5,5,5,5,63.2335,64.246
3.8,4,5,5,5,52.004,52.368
3.5,4,4,5,5,49.9405,49.81
2.8,4,4,3,4,49.3035,52.81
9.8,98,98,98,98,49.429,46.073
2.3,4,3,3,3,44.7705,42.132
3,4,4,3,5,40.88425,36.883
2.8,3,4,4,4,45.48275,44.296
3.8,4,5,5,5,52.90275,57.973
3.3,4,4,5,4,44.36675,45.544
2.5,4,3,3,4,48.0155,47.735
3.8,5,4,5,5,50.3935,47.722
3.3,5,3,5,4,43.5125,41.785
3.7,5,4,98,5,54.76725,52.099
2,3,3,3,3,48.16375,50.187
2,3,3,3,3,30.17275,32.848
3,3,4,4,5,51.8625,53.955
2.8,4,4,3,4,53.58125,52.355
4,5,5,5,5,61.6365,63.333
4,5,5,5,5,61.4135,65.8
3.8,4,5,5,5,60.79575,59.837
3.3,4,4,4,5,50.98075,50.904
3.8,4,5,5,5,56.539,55.317
1.9,3,5,2,1,39.095,38.681
4,5,5,5,5, ,999.998
2.8,3,5,3,4,60.15025,58.896
3,4,4,5,3,43.55225,38.132
1.9,3,1,4,3,41.45825,44.528
3.3,5,4,4,4,49.43025,51.604
2.5,3,4,3,4,55.47425,61.36
2.8,4,3,3,5,49.50825,51.163
3.5,4,5,4,5,55.64275,59.671
3.5,4,4,5,5,57.605,55.424
2.5,3,4,3,4,57.51425,60.786
2.5,3,2,5,4,44.00325,42.463
3.3,4,5,4,4,57.14875,60.188
1.5,2,3,2,3,44.8355,41.288
2.8,5,3,3,4,41.1925,40.771
3.5,4,96,96,5,39.93025,39.963
2.3,3,4,3,3,43.589,43.356
3.8,4,5,5,5,58.39433333,59.424
3.8,5,5,5,4,66.92975,68.533
4,5,5,5,5,62.068,63.751
9.8,98,98,98,98,42.75525,41.559
3.5,5,5,4,4,62.006,64.348
3.3,5,4,98,4,52.7125,54.866
2.5,3,4,98,98,39.87225,38.428
4,5,5,5,5,60.149,61.001
2,3,3,98,3,52.12425,49.355
2.3,3,4,3,3,53.125,49.122
3,5,4,3,98,43.85125,41.437
4,5,5,5,5,51.03175,49.921
4,5,5,5,5,61.0755,66.66
2,3,3,3,3,51.7435,53.427
2.3,3,3,4,3, ,999.998
4,5,5,5,5,62.7825,67.792
2,3,3,3,3,37.912,36.583
1,2,2,2,2, ,44.205
2.4,5,1,4,3,40.02025,37.399
3.3,4,4,4,5,52.73525,50.137
4,5,5,5,5,60.552,62.732
3.5,4,4,5,5,57.2945,63.177
2,3,3,3,3, ,999.998
3.5,3,5,5,5,53.68325,45.103
2.4,4,4,1,4,37.987,39.371
3.8,5,5,5,4,59.945,61.195
3.8,5,4,5,5,63.63725,64.81
2.5,5,2,4,3,49.28475,56.482
4,5,5,5,5,33.581,33.53
1.3,3,2,2,2,40.92975,37.107
3.8,4,5,5,5,42.1865,39.69
2.5,4,4,3,3,52.05425,54.138
2.3,4,4,98,2,38.029,38.787
3.5,5,4,5,4,52.5785,54.723
2,3,3,3,3,61.3335,62.97
2,3,3,3,3,36.00133333,43.616
4,5,5,5,5,51.11625,52.192
2.8,4,3,4,4,69.96225,69.785
4,5,5,5,5,42.5795,39.567
2,3,3,3,3,45.045,48.552
2.7,3,4,96,4,51.534,51.103
2.3,3,4,3,3,43.38675,43.954
3.5,5,5,3,5,48.07475,48.911
3.5,5,4,4,5,59.48,57.661
3.8,4,5,5,5,64.32175,66.859
0.8,2,1,2,1,33.84366667,43.825
3.8,5,4,5,5,53.4,53.527
3.8,5,4,5,5,63.22525,65.037
3.5,5,4,4,5,56.635,62.937
2.3,4,2,4,3,59.44175,64.748
4,5,5,5,5,68.54125,69.107
2.8,4,5,3,3,42.49,42.276
3.8,5,4,5,5,61.13525,63.369
2.8,3,4,4,4,51.779,45.924
1.1,1,3,2,2,48.023,50.243
3,4,5,3,96,41.65475,42.055
9.8,96,96,96,96,43.9665,46.052
3.5,5,5,4,4,51.47525,50.425
4,5,5,5,5,64.77725,63.512
1.8,1,98,4,96,33.0775,35.051
2.3,5,2,2,4,42.151,37.756
3.5,96,5,4,98,46.42875,41.36
1.2,3,2,1,96,38.63275,41.893
3.8,5,4,5,5,60.91425,64.246
3.5,5,4,96,96,37.2705,41.188
1.8,3,3,2,3,61.514,60.172
3.8,5,5,5,4,57.33075,56.336
2.3,3,3,4,3,54.61075,53.534
2.3,3,4,4,2,48.03975,46.85
1.8,3,4,2,2,45.2595,44.662
3,4,4,4,4,46.26225,44.883
4,5,5,5,5,63.0315,66.199
2.8,4,4,4,3,39.63025,37.836
2.5,4,4,3,3,48.5095,54.65
3.5,5,5,4,4,61.2175,61.988
3.5,4,4,5,5,53.813,55.134
4,5,5,5,5,62.17175,64.475
3,4,4,4,4,57.408,63.373
4,5,5,5,5,53.438,53.746
3,5,4,3,4,54.83225,54.443
1.5,2,2,3,3,50.2915,43.22
9.8,98,98,98,98,54.98075,57.487
3.5,5,5,4,4,54.45475,53.427
2.5,5,3,3,3, ,999.998
3.3,5,4,4,4,45.9505,41.122
3.8,5,5,5,4,49.084,52.402
4,5,5,5,5,56.499,56.608
1.5,2,4,2,2,50.87025,48.453
2.5,4,3,2,5,52.00025,44.239
4,5,5,5,5,66.25125,69.171
2.3,3,3,4,3,48.37225,50.886
2,3,3,3,3,44.94875,46.693
1.5,2,2,4,2,49.33675,50.93
3.5,5,4,5,4,62.409,64.275
3.5,5,4,5,4,55.027,60.221
3.3,4,5,4,4,66.401,67.895
2.8,4,4,3,4,57.04,60.666
3.5,5,4,4,5,53.461,52.986
4,5,5,5,5,58.92675,62.635
4,5,5,5,5,67.44375,67.832
2.8,4,4,4,3,50.73525,49.493
9.8,98,98,98,98,68.102,69.067
3,5,4,3,4,52.5935,46.955
2.5,4,4,3,3,44.70925,39.182
2.8,5,4,3,3,49.1775,48.831
3.5,4,5,5,4,66.2325,65.425
3.8,5,4,5,5,59.8835,63.711
2.3,3,5,2,3,51.47925,50.1
3.8,4,5,5,5,61.73025,62.014
4,5,5,5,5,65.70375,67.298
3.5,5,4,4,5,53.7065,57.748
1.9,4,1,3,3,46.30925,48.649
2.3,3,3,4,3,60.425,63.034
2.8,3,4,4,4,68.831,68.573
3.3,4,5,98,4,63.942,68.636
3,3,4,5,4,57.119,60.494
3.8,5,4,5,5,62.40525,62.014
4,5,5,5,5,62.55075,62.037
3.8,5,5,4,5,62.13625,64.923
2.8,5,4,3,3,57.4505,57.634
3.5,5,4,5,4,61.57375,64.086
1.8,3,2,3,3,63.1555,63.432
2.5,3,4,3,4,58.54925,60.882
3.3,4,4,4,5,59.413,64.246
3.8,5,5,4,5,67.925,70.98
3,4,4,4,4,55.968,60.882
3,5,4,3,4,60.35225,63.751
4,5,5,5,5,69.0875,67.968
2.3,3,3,4,3,59.9895,56.795
4,98,5,98,98,66.223,68.533
3.3,5,5,4,3,61.4945,62.908
2.5,3,3,4,4,50.31775,48.659
2.8,4,3,4,4,39.595,37.794
2.8,4,3,5,3,49.3215,48.399
4,5,5,5,5,64.1775,65.919
4,5,5,5,5,64.1515,65.959
2.8,5,3,3,4,49.7,51.399
2.5,4,5,3,2,53.5725,48.336
2.8,4,3,4,4,57.39925,61.297
4,5,5,5,5,54.90525,60.308
3.8,5,4,5,5,54.721,56.386
4,5,5,5,5,66.65875,66.056
2.5,4,4,3,3,55.15275,56.648
3.5,5,4,4,5,61.9765,64.379
3,4,96,3,5,52.2705,53.816
3.3,4,4,4,5,45.62425,45.713
3.5,4,5,4,5,62.055,65.624
3.5,5,4,5,4,65.10325,66.762
3.8,5,5,5,4,55.57075,50.496
4,5,5,5,5,62.44825,65.236
2,3,3,3,3,54.14075,55.131
3,4,4,4,4,55.195,62.443
3,4,5,3,4,45.8645,42.191
3.3,4,3,5,5,58.56175,55.877
4,5,5,5,5,66.538,68.055
2,2,96,98,4,39.48275,40.385
3.5,5,4,5,4,67.56,67.792
3,4,4,4,4,61.72025,64.452
3.7,4,5,5,98,70.2405,69.227
4,5,5,5,5,66.3245,65.624
4,5,5,5,5,66.75175,69.171
3.5,5,4,4,5,63.83675,64.332
3.8,4,5,5,5,56.79225,59.494
2.8,4,4,3,4,50.706,52.424
3,4,4,96,96,38.967,37.424
2.5,4,3,3,4,45.13325,38.478
9.8,98,98,98,98, ,999.998
3.5,5,4,4,5,46.63075,46.697
3,4,4,3,5,52.482,48.41
1.6,1,4,3,2,48.8455,44.95
4,5,5,5,5,47.58033333,49.062
2.5,3,3,4,4,51.79875,57.488
2.5,3,4,4,3,48.88675,48.855
4,5,5,5,5,64.13675,64.748
1.3,2,2,2,3,44.13325,43.578
2.8,3,3,4,5,56.6205,60.308
4,5,5,5,5,40.975,38.656
2,3,3,3,3,42.2425,43.93
4,5,5,5,5,61.9,57.86
3.5,4,4,5,5,56.133,54.997
2.3,3,4,98,3,46.75675,47.318
2.8,4,5,3,3,41.8755,35.473
3.5,4,5,4,5,55.32975,52.76
3,5,5,3,3,38.1105,33.162
2.8,4,5,3,3,42.12525,34.141
2.3,2,3,4,4,43.88925,40.39
3.5,5,5,4,4,49.4785,50.761
4,5,5,5,5,66.05125,69.107
3.3,4,4,5,4,64.37625,66.797
3.3,4,4,5,4,59.50875,58.172
2.1,1,4,3,4,43.8835,43.259
2.4,3,1,4,5,37.82975,35.967
3,5,4,3,4,37.80825,32.843
2.3,4,3,3,3,48.4325,47.234
1.5,3,3,2,2,45.892,47.866
4,5,5,5,5,49.6185,49.629
2.8,3,5,4,3,48.447,43.011
2,3,3,3,3,45.20275,42.128
3.3,5,3,4,5,54.65775,54.992
3.3,5,4,4,4,52.65575,51.149
2.5,3,4,4,3,41.71475,42.031
2.8,4,5,3,3,35.86933333,37.023
3.8,5,5,5,4,43.9085,48.782
3.5,4,5,96,96,43.902,44.169
3.5,4,5,5,4,48.3305,44.357
1,2,2,2,2,45.27675,48.719
3.8,5,5,4,5,45.81375,47.215
2.8,3,3,5,4, ,999.998
3,3,5,4,4,38.13425,36.894
3,4,4,4,4,55.8965,58.132
0.8,96,96,1,2,39.31325,41.045
4,5,5,5,5,53.341,54.541
4,5,5,5,5,64.50375,67.298
3.8,5,4,5,5,54.44925,52.6
3.5,4,5,5,4,45.8915,47.642
3.5,4,5,98,98,39.767,38.91
2.8,4,5,3,3,43.5095,45.58
1.6,3,4,2,1,41.0205,39.77
2.3,3,3,3,4,49.1805,48.469
3,4,4,97,4, ,48.772
3.3,5,4,4,4, ,64.81
9.8,98,98,98,98,57.0785,54.052
3.3,5,4,4,4,43.8005,43.475
1.6,4,2,3,1,42.03675,41.67
3.8,5,5,5,4,62.77625,65.577
2.8,5,3,3,4,41.1125,38.405
3,4,98,98,98,30.97,33.826
0.5,96,96,98,1,39.78825,43.51
3.5,5,5,4,4,57.8755,58.544
3,4,4,3,5,55.5805,56.87
2.3,3,3,3,4,43.6155,40.238
1.3,3,1,1,3,36.57475,32.998
1.6,3,2,1,4,54.7845,55.071
3.5,4,4,5,5,57.39025,59.766
3.5,4,5,4,5, ,999.998
3.8,5,5,4,5, ,999.998
2.5,2,3,5,4, ,999.998
2.3,3,4,3,3,54.58275,60.308
3,5,3,3,5,40.92125,37.243
3.5,5,5,4,4,65.29575,67.872
3.8,5,5,4,5,57.49625,61.138
1.6,1,3,4,2,49.7215,44.773
2,3,3,3,3,41.854,40.846
3,4,4,4,4,36.6275,36.605
4,5,5,5,5,57.84475,56.002
3.3,5,3,4,5,53.005,54.974
3.5,4,5,5,4,46.44925,45.11
3.5,4,5,4,5,42.21,42.586
3.3,3,5,4,5,44.70225,39.623
2.3,4,3,3,3,49.6545,56.356
3.3,5,4,4,4,56.39875,60.165
2.3,3,4,3,3,48.77625,46.147
2.8,3,4,4,4,59,59.663
4,5,96,98,98,29.345,28.933
2.3,3,3,3,4,41.114,38.382
2.5,4,5,3,2,37.03275,36.366
2.5,96,3,4,98,35.83925,36.137
3,4,4,4,4,52.25125,48.125
4,5,5,5,5,58.0165,58.724
3.3,4,5,5,3,51.56975,47.991
1.3,3,2,98,2,42.16275,45.019
2.8,3,3,4,5,40.80125,36.253
3.3,4,4,5,4,51.531,46.454
2.3,4,2,4,3,52.535,58.937
4,5,5,5,98,64.377,67.298
2.8,4,3,4,4,57.8385,60.563
2,3,2,4,3,35.46975,32.973
4,5,5,5,5,55.9205,52.996
1.6,1,4,2,3,45.68325,43.76
0.6,2,1,1,1,38.92575,41.307
3,4,5,4,3,43.61725,39.537
2.1,5,1,2,4,50.4765,53.567
1.4,4,2,1,2,51.772,53.247
3,4,4,4,98,48.3355,53.112
3,4,5,4,3,44.51675,44.894
2.5,2,5,4,3,35.00866667,34.61
2.3,4,3,3,3,52.08775,51.461
2,3,3,3,3,39.00925,39.984
3.8,5,4,5,5,51.88575,51.03
3.3,4,5,4,4,49.97425,48.765
3,4,4,4,4,40.39425,41.31
3.3,5,3,4,5,40.24275,33.996
3,4,5,3,4,46.08175,48.386
3.8,5,4,5,5,38.35333333,39.354
2.5,3,5,4,2,40.81275,44.369
3,4,5,3,96,39.21675,38.436
2.5,4,3,3,4,61.49325,61.941
4,5,5,5,5,62.53775,67.975
3.5,4,4,5,5,55.0755,57.798
3.5,5,4,4,5,57.01,60.016
3,4,4,4,4,65.1935,61.43
3,4,4,4,4,55.1125,54.085
2.8,4,5,2,4,57.94275,62.811
4,5,5,5,5,63.66975,68.732
3.3,4,3,5,5, ,999.998
3,4,4,4,4, ,999.998
2,3,2,4,3, ,999.998
4,5,5,5,5,68.161,69.745
3.3,4,4,4,5,62.7165,63.359
1.6,1,4,3,2,56.41975,52.85
3.5,5,4,5,4,50.0695,46.703
2.2,1,5,96,3,40.141,35.719
2.8,4,3,4,4,39.613,36.31
2,3,3,3,3,55.163,58.292
3.8,5,5,4,5,56.03375,56.801
2.5,3,4,2,5,40.74275,38.979
2,2,3,3,4,36.66,35.712
1.9,3,4,3,1,40.143,40.321
3.5,4,5,5,4,55.95375,54.394
4,5,5,5,5,59.7135,59.447
3,4,5,3,96,35.62225,35.393
3.3,4,4,4,5,52.503,47.071
3,3,5,4,4,38.31875,36.372
3,3,5,4,4,44.93625,46.425
3.3,4,4,4,5,54.3165,53.084
3.3,5,4,4,4,63.6755,64.482
2.3,3,4,3,98,34.479,31.49
3.5,4,5,96,96,38.636,34.503
1.5,2,3,2,3,46.994,40.391
3,5,4,4,3,59.01325,62.669
2,3,3,3,3,51.5945,49.703
2.8,5,3,3,4,48.12975,47.512
1,2,2,2,2,47.06875,49.43
3,5,96,3,4,44.81625,41.882
3,5,3,4,4,55.31425,58.117
2.3,4,3,4,2,49.311,48.243
4,5,5,5,5,61.1605,62.045
3.5,5,4,5,4,56.86775,54.576
0.9,2,2,1,2,42.581,37.362
2,3,3,3,3,52.7495,45.497
3.5,5,4,5,4,60.93475,54.61
0.5,1,1,1,1,48.29475,37.153
2.8,4,5,3,3,50.99125,49.12
3,3,5,4,4,55.48025,54.461
4,5,5,5,5,66.926,66.711
2.3,3,2,4,4,53.9055,52.281
3.8,4,5,5,5,65.02225,66.803
3,4,4,4,4,46.8785,49.15
4,5,5,5,5, ,999.998
3,4,5,4,3,44.06675,45.212
3.5,5,5,4,4,53.1685,54.546
2.5,4,3,4,3,38.246,39.207
3,4,4,4,4,47.08725,48.071
3.3,4,4,4,5,55.1545,55.337
2.8,3,3,5,4,57.8455,62.499
3.5,4,4,5,5,49.97975,44.369
1.8,2,4,2,3,46.59375,46.428
2.1,1,3,4,4,43.2965,43.778
3.3,5,4,4,4,43.672,37.807
3,3,4,5,4,36.75875,31.146
1.9,1,4,3,3,37.58225,37.161
2.3,3,3,4,3,39.02125,40.262
2.3,5,3,2,3,34.444,36.527
2.8,3,5,4,3,55.56325,57.133
3.5,5,4,4,5,35.60975,32.564
2.8,4,3,4,4,52.024,53.7
3.3,4,4,4,5,57.79025,63.625
2.8,4,4,3,4,61.5115,61.971
3.5,4,4,5,5,52.92125,49.954
2.5,4,3,4,3,41.351,36.954
3.8,5,5,4,5,61.72225,61.765
3,4,3,4,5,55.5665,59.368
2.8,4,4,4,3,55.8335,51.511
2.8,4,4,3,4,52.98825,60.882
4,5,5,5,5,64.63025,66.762
2.5,4,3,4,3,51.455,50.847
2.5,3,4,4,3,50.8205,53.47
2.5,4,3,3,4,54.20525,54.882
3.8,5,5,5,4,64.72125,64.913
9.8,96,96,96,96,42.9485,37.276
4,5,5,5,5,67.49825,67.52
3.5,4,5,5,4,61.15925,66.239
3,4,4,3,5,46.0095,43.665
3.5,5,5,4,4,45.91125,52.378
3.3,4,5,4,4,55.011,54.187
2.5,3,4,3,4,56.3915,53.374
2.3,3,3,3,4,57.11425,59.663
2.5,3,5,3,3,65.97675,64.286
3.8,5,4,5,5,64.748,67.155
2.5,4,3,3,4,47.9685,45.371
3.5,4,4,5,5,57.226,56.203
3,4,4,4,4, ,999.998
3.5,5,4,5,4,66.29275,68.47
2.5,4,3,4,3,36.21675,36.413
3.5,5,5,4,4,45.90175,44.87
3.5,5,4,4,5,63.21825,64.748
3,4,4,3,5,50.416,55.31
3,4,5,2,5,43.67775,38.876
2.8,3,4,3,5,42.1365,37.339
4,5,5,5,5,49.472,44.199
2.8,3,4,4,4,47.12825,49.174
3,4,4,4,4,66.48875,66.125
9.8,96,96,98,98,38.306,39.035
2.5,3,5,2,4,31.43525,28.844
3.3,4,4,5,4,64.43575,61.975
3.8,5,5,4,5,49.493,53.454
4,5,5,5,5,67.41925,69.808
3.3,4,5,4,4,55.47525,53.564
3.8,4,5,5,5,68.076,67.474
2.5,4,3,3,4,49.883,42.035
3.3,4,4,5,4,56.2225,61.51
2,3,3,3,3,44.63875,44.345
4,96,5,96,5,41.406,36.554
2,3,4,3,2, ,999.998
2,4,3,2,98,37.0135,39.201
1.8,3,4,2,2, ,999.998
3.3,4,5,4,4,51.73775,51.264
3.8,5,5,5,4,64.44175,67.474
3.3,5,4,3,5,57.35825,63.393
3,4,4,4,4,50.53425,48.974
2.3,4,2,3,4,49.89475,48.576
3.8,4,5,5,5,57.768,57.376
3.8,5,5,5,4,60.81425,63.001
2.5,4,4,3,3,49.023,48.42
2.8,5,4,3,3,45.94975,43.795
3,5,3,3,5,58.443,60.962
3.8,5,4,5,5,66.18,69.171
3,4,3,4,5,51.5535,48.114
3.8,5,4,5,5,61.96325,68.533
3,4,4,4,4,56.87175,64.748
3,4,4,5,3,51.98425,47.786
9.8,98,98,98,98,60.3855,66.62
3.3,4,3,5,5,56.625,57.722
4,5,5,5,5,67.42525,67.792
2.3,4,2,3,4,51.93825,48.145
3.8,5,4,5,5,49.317,49.485
2.5,4,3,4,3,49.77625,48.062
2.3,2,3,5,96,46.02,46.105
3.5,4,5,4,5,56.99725,58.468
2.8,4,4,3,4,43.18575,49.573
1.6,2,1,3,4,55.2045,51.774
4,5,5,5,5,58.65975,62.908
3,3,5,4,4,41.26425,39.68
2.8,5,3,4,3,47.1285,48.831
1,2,2,2,2,46.563,44.096
1.2,3,1,98,2, ,999.998
3.8,5,5,5,4,55.494,54.507
1.5,1,3,1,4,38.051,40.358
2.8,2,3,5,5,41.716,37.532
2.5,4,4,3,3,41.57775,37.971
3,5,3,3,5,45.4215,44.07
1.1,2,3,1,2,40.918,42.024
3.3,5,4,5,3,54.82825,53.573
3.3,5,4,4,4,56.26075,57.75
3.8,4,5,5,5,52.684,53.566
2,3,4,3,2,41.76175,44.771
3.8,5,4,5,5,59.001,58.282
3.5,4,4,5,5,60.92225,60.291
2.5,5,2,3,4,43.89525,40.801
3.5,4,4,5,5,61.8065,63.113
1.9,1,4,4,2,48.03925,50.801
3.3,4,5,4,4,53.29375,55.344
3,4,5,3,4,49.4115,49.914
2.8,5,2,4,4, ,999.998
3,5,3,4,4,41.293,38.966
4,5,5,5,5,64.91125,64.748
4,5,5,5,5,56.78875,64.445
2,3,3,3,3,38.70675,36.24
4,5,5,5,5,58.037,61.72
3.8,5,4,5,5,49.94025,50.352
2.5,4,5,2,3,49.75525,48.552
4,5,5,5,5,68.277,69.705
4,5,5,5,5,57.37625,53.75
3,3,5,4,4,43.50125,43.868
2.1,3,4,1,4,45.59225,49.14
1.3,3,2,2,2,47.64775,49.741
3,4,4,4,4,54.28675,54.474
3.5,5,4,5,4,64.21175,63.887
3.5,5,4,5,4,60.8155,64.326
3,5,96,3,96,39.00925,38.375
4,5,5,5,5,63.96,63.927
1.6,3,4,2,1,49.63075,42.788
3,4,4,4,4,62.23675,64.116
3.5,5,4,4,5,68.176,67.792
2.3,4,3,3,3,60.324,60.005
3.8,5,4,5,5,54.73025,64.884
4,5,5,5,5,61.04175,59.863
3.5,5,5,4,4,60.4765,61.28
2.3,2,2,5,4,41.07675,36.555
3.8,5,5,4,5,59.5435,60.102
3.5,4,5,5,4,56.04525,48.901
1.9,4,4,2,1,42.29675,36.877
4,5,5,5,5,57.0575,51.548
3,4,4,3,5,63.865,63.136
1.3,1,4,2,1,35.3955,38.238
2.3,4,3,3,3,49.70525,47.755
4,5,5,5,5,60.245,66.022
3.3,5,4,4,4,49.72375,47.82
3.5,5,5,4,4,51.427,50.994
3.3,4,5,4,4,47.369,50.513
4,5,5,5,5,61.85625,62.579
3.5,5,5,4,4,50.161,53.471
1.8,4,3,2,2,41.37575,44.358
2.3,4,4,2,3,58.122,58.298
3,3,4,5,4,51.5225,53.006
3,4,4,4,4,54.471,50.18
2.8,3,5,3,4, ,999.998
3,4,4,4,4, ,999.998
1.8,2,4,3,2,51.0295,51.301
3,5,3,4,4,48.27375,47.012
4,5,5,5,5,60.23525,58.993
2.5,5,4,3,2,60.24475,60.906
3.3,5,4,4,4,38.9805,38.512
4,5,5,5,5,57.1675,54.742
3.8,5,5,5,4,50.71,52.528
2.5,3,4,3,4,42.232,44.375
2.8,3,4,4,4,56.63275,60.739
2.5,5,2,3,4,46.317,46.852
1.9,1,3,5,2,48.07775,49.306
3,4,3,5,4,61.5775,59.983
3.3,4,5,4,4,47.65475,51.804
3,3,5,4,4,46.0035,47.816
2.8,3,5,3,4,59.7355,61.48
4,5,5,5,5,66.20475,69.107
3.3,4,4,5,4,58.90425,60.068
1.5,2,4,2,2,41.19,39.286
2.3,3,3,3,4,50.14475,47.26
4,5,5,5,5,63.2375,66.517
2.5,3,3,4,4,49.62475,48.923
1.8,3,3,2,3,50.82975,50.113
2.8,3,4,4,4,47.11775,50.107
2,4,3,2,3,55.8475,57.465
1.8,3,3,3,2,42.67275,41.74
3,4,4,4,4,59.67025,59.447
3.5,5,5,4,4,57.641,63.575
3.5,4,5,5,4,43.35425,45.604
1.3,1,3,3,1,31.96975,34.447
1.5,2,3,2,3,46.9705,44.023
2.4,5,4,3,1,50.925,50.5
9.8,96,96,98,98,41.87175,43.23
3,4,5,3,4,43.1935,44.894
4,5,5,5,5,63.00125,62.874
9.8,97,97,97,97, ,999.998
3.5,4,5,4,5,52.80375,55.718
2.5,4,4,3,3,37.713,40.692
2.5,4,3,3,4,39.95675,39.833
3.8,4,5,5,5,61.472,64.508
4,5,5,5,5,54.8065,55.178
2.5,2,3,4,5,42.30475,41.245
3.5,5,4,4,5,57.396,56.984
3.3,4,5,4,4,54.82,58.292
4,5,5,5,5,59.09525,64.85
3.8,4,5,5,5,50.6345,52.491
1.2,3,96,2,1,38.5305,45.034
4,5,5,5,5,62.36175,65.721
2,3,3,3,3,41.62925,40.916
3.5,4,4,5,5,59.754,56.249
3.8,5,4,5,5,63.16975,66.82
3.8,5,5,4,5,56.39275,53.942
3.8,5,4,5,5,68.22275,69.227
2.8,4,4,4,3,61.716,63.437
3,4,4,4,4,59.214,59.544
2.5,96,5,98,2,32.35575,32.929
3,4,4,4,4,41.3795,43.273
3,3,4,4,5,50.74775,49.771
3.5,4,5,4,5,54.8355,54.45
3.5,4,4,5,5,54.55825,53.084
3.3,4,4,5,4,47.08325,46.567
3.8,4,5,5,5,52.58075,50.618
2.5,4,3,4,3,36.2035,33.572
3.3,4,5,4,4, ,999.998
2.8,4,3,3,5,42.42425,38.758
3.8,4,5,5,5,56.3195,59.056
4,5,5,5,5,56.5355,60.677
3.3,4,4,4,5,63.74325,67.258
3.5,5,4,5,4,61.32075,62.555
2.8,3,4,4,4,62.091,63.742
3.8,4,5,5,5,53.14025,60.005
2.5,4,4,3,3,54.39075,58.837
3.3,4,4,4,5,59.7115,58.299
3.5,4,4,5,5,66.9115,69.107
4,5,5,5,5,65.184,68.624
